Company Name,Description,Address,State,Postal Code,Phone,Email,Employees
Systems Limited,"System Limited is a globally recognized, publicly listed technological power-house that deals in various domains. Operational in mortgage, apparel, retail, and BPO services, this Pakistani multinational technology company is at the forefront of designing innovative solutions. The company offers robust digital transformation capabilities, modernizing key systems to accelerate innovation. Furthermore, it provides a versatile range of services, including advanced 3D printing, digital engineering, enterprise modernization, as well as software and healthcare services and solutions.","48800 Chiles Dr, San Jose, CA 95134, USA",California,560100,+1 408-526-4000,info@systemlimited.com,7500
CCJK Technologies,"CCJK is an internationally recognized, ISO-certified language service provider specializing in professional translation services. With expertise in various fields such as IT, healthcare, engineering, gaming, and legal industry, the company guarantees proficient website localization for diverse industries. With a substantial base of 17048 followers on LinkedIn and 378 employees, CCJK operates predominantly from its Hong Kong office. High-quality, comprehensive linguistic solutions and a sharp global vision underscore its work ethos.","Hong Kong Office Unit 11B, Yu Fai Commercial Building, 555-557 Canton Road, Kowloon, Hong Kong",Hong Kong,555-557,+852 4661 7088,info@ccjk.com,378
System Limited,"System Limited is a leading global technology company known for offering innovative, advanced IT solutions and services. Rooted in an ethos of customer orientation and technological leadership, the company focuses on delivering comprehensive strategies that meet fast-paced industry demands. System Limited aims to be at the forefront of digital transformation, helping businesses reach their full potential through cutting-edge technology solutions.","123 Main St, Tech Park, Silicon Valley, California",California,10001,+1 (408) 555-2151,info@systemlimited.com,500
"""Python Tech Solutions""","Python Main.py is speculated to be a tech-oriented company, involved in developing software and providing comprehensive Python programming solutions. They specialize in custom application development, leveraging powerful Python frameworks, to serve a diverse client base, crossing multiple sectors. Their expert team of programmers and developers are committed to creating cutting-edge solutions and are equipped to deal with complex Python development projects.","123 Coding Avenue, San Francisco, CA",California,10001,(555) 123-4567,info@pythonmainpy.com,10
Rancher Labs,"Rancher is likely a technology-oriented enterprise, possibly involved in providing innovative solutions in the fields of cloud computing or data management. With a forward-thinking approach, Rancher is dedicated to integrating technology into business operations to improve efficiency and productivity.","123 Main Street, Austin, TX 78701",Texas,78701,(123) 456-7890,info@rancher.com,50,www.rancher.com
Ranchers.com,"Ranchers.com is a likely digital platform that engages in connecting ranchers, farmers, and agricultural stakeholders across the globe. The company could potentially provide services and features aimed at promoting effective, sustainable ranching practices, as well as facilitating the sale, exchange, and sharing of industry knowledge and supplies. The tech-driven approach ensures streamlining of processes within the farming and ranching community.","123 Main St, Dallas, TX",Texas,78701,(123) 456-7890,info@ranchers.com,15,www.ranchers.com
Ranchers Fast Food,"Ranchers Fast Food is a dynamic food service enterprise that specializes in offering a unique blend of quick-serve meals with a touch of the traditional ranch flavor. With an unwavering commitment to quality, freshness, and customer satisfaction, the company aims to redefine the fast food experience by bringing the hearty, wholesome taste of ranch-style cooking to the fast-paced modern world. Striking a balance between speed and savory, Ranchers Fast Food is paving the way in innovative fast food service.","123 Main Street, Dallas, Texas",Texas,75201,(123) 456-7890,info@ranchersfastfood.com,15,www.ranchersfastfood.com
Rancher's Cafe,"Rancherscafe.com appears to be a hospitality-based organization with potential for specialization in restaurant and caf√© services. Offering a slice of ranch-inspired lifestyle, their menu likely promises to symbolize the spirit of traditional ranch life, aiming to offer customers a unique dining experience. Their absence of online presence may well serve to emphasize the authenticity and exclusivity of their offering.","123 Main Street, Dallas, Texas",Texas,78205,(555) 123-4567,info@rancherscafe.com,15,www.rancherscafe.com
Quantum Tech Solutions,"Q\x04\x03 operates in the tech industry, specializing in advanced data analytics and software development. It is characterized by its commitment to innovative digital solutions, with a dedicated team of specialists working to push the boundaries of technological advancement. Their services mainly include handling complex data structures and transforming them into actionable business insights.","123 Main Street, Cyber City, CA, 90001",California,10001,(123) 456-7890,info@q0403.com,10,www.q0403.com
NetSol Technologies,"Netsol is an innovative technology solutions provider, committed to delivering cutting-edge digital services for businesses across different sectors. As a forward-thinking company, Netsol leverages advanced tech tools to help clients streamline their processes and improve overall efficiency. They are continually aiming to provide companies with strategic digital solutions that yield long-term success.","123 Main Street, San Francisco, CA",California,10001,(888) 638-7651,info@netsol.com,150,www.netsol.com
